{
  "$schema": "https://schema.management.azure.com/schemas/2019-04-01/deploymentTemplate.json#",
  "contentVersion": "1.0.0.0",
  "parameters": {
    "CoralogixRegion": {
      "type": "string",
      "defaultValue": "Europe",
      "allowedValues": [
        "Europe",
        "US",
        "Europe2",
        "India",
        "Singapore"
      ],
      "metadata": {
        "description": "The region of the Coralogix account."
      }
    },
    "CoralogixPrivateKey": {
      "type": "string",
      "metadata": {
        "description": "The private key of the Coralogix account."
      }
    },
    "CoralogixApplication": {
      "type": "string",
      "metadata": {
        "description": "The name of the Application in Coralogix."
      }
    },
    "CoralogixSubsystem": {
      "type": "string",
      "metadata": {
        "description": "The name of the Subsystem in Coralogix."
      }
    },
    "EventhubResourceGroup": {
      "type": "string",
      "metadata": {
        "description": "The name of the Resource Group that contains the EventHub."
      }
    },
    "EventhubNamespace": {
      "type": "string",
      "metadata": {
        "description": "The name of the EventHub Namespace."
      }
    },
    "EventhubInstanceName": {
      "type": "string",
      "metadata": {
        "description": "The name of the EventHub Instance."
      }
    },
    "EventhubSharedAccessPolicyName": {
      "type": "string",
      "metadata": {
        "description": "The name of the EventHub Namespace Shared Access Policy."
      }
    }
  },
  "variables": {
    "CoralogixURL": "[if(equals(parameters('CoralogixRegion'), 'Europe'), 'https://ingress.coralogix.com/api/v1/logs', if(equals(parameters('CoralogixRegion'), 'US'), 'https://ingress.coralogix.us/api/v1/logs', if(equals(parameters('CoralogixRegion'), 'Europe2'), 'https://ingress.eu2.coralogix.com/api/v1/logs', if(equals(parameters('CoralogixRegion'), 'India'), 'https://ingress.coralogix.in/api/v1/logs', if(equals(parameters('CoralogixRegion'), 'Singapore'), 'https://ingress.coralogixsg.com/api/v1/logs', 'NULL')))))]",
    "functionAppName": "[format('EventHub-{0}', uniqueString(concat(resourceGroup().id, parameters('EventhubNamespace'), parameters('EventhubInstanceName'))))]",
    "hostingPlanName": "[variables('functionAppName')]",
    "applicationInsightsName": "[variables('functionAppName')]",
    "storageAccountName": "[format('azfunctions{0}', uniqueString(resourceGroup().id))]",
    "location": "[resourceGroup().location]",
    "packageUri": "https://coralogix-public.s3.eu-west-1.amazonaws.com/azure-functions-repo/DiagnosticMetrics.zip"
  },
  "resources": [
    {
      "type": "Microsoft.Storage/storageAccounts",
      "apiVersion": "2022-05-01",
      "name": "[variables('storageAccountName')]",
      "location": "[variables('location')]",
      "sku": {
        "name": "Standard_LRS"
      },
      "kind": "Storage"
    },
    {
      "type": "Microsoft.Web/serverfarms",
      "apiVersion": "2022-03-01",
      "name": "[variables('hostingPlanName')]",
      "location": "[variables('location')]",
      "sku": {
        "name": "Y1",
        "tier": "Dynamic",
        "size": "Y1",
        "family": "Y"
      },
      "properties": {
        "computeMode": "Dynamic"
      }
    },
    {
      "type": "Microsoft.Insights/components",
      "apiVersion": "2020-02-02",
      "name": "[variables('applicationInsightsName')]",
      "location": "[variables('location')]",
      "tags": {
        "[format('hidden-link:{0}', resourceId('Microsoft.Web/sites', variables('applicationInsightsName')))]": "Resource"
      },
      "properties": {
        "Application_Type": "web"
      },
      "kind": "web"
    },
    {
      "type": "Microsoft.Web/sites",
      "apiVersion": "2022-03-01",
      "name": "[variables('functionAppName')]",
      "location": "[variables('location')]",
      "kind": "functionapp",
      "properties": {
        "serverFarmId": "[resourceId('Microsoft.Web/serverfarms', variables('hostingPlanName'))]",
        "siteConfig": {
          "appSettings": [
            {
              "name": "APPINSIGHTS_INSTRUMENTATIONKEY",
              "value": "[reference(resourceId('Microsoft.Insights/components', variables('applicationInsightsName')), '2020-02-02').InstrumentationKey]"
            },
            {
              "name": "AzureWebJobsStorage",
              "value": "[format('DefaultEndpointsProtocol=https;AccountName={0};EndpointSuffix={1};AccountKey={2}', variables('storageAccountName'), environment().suffixes.storage, listKeys(resourceId('Microsoft.Storage/storageAccounts', variables('storageAccountName')), '2021-09-01').keys[0].value)]"
            },
            {
              "name": "WEBSITE_CONTENTAZUREFILECONNECTIONSTRING",
              "value": "[format('DefaultEndpointsProtocol=https;AccountName={0};EndpointSuffix={1};AccountKey={2}', variables('storageAccountName'), environment().suffixes.storage, listKeys(resourceId('Microsoft.Storage/storageAccounts', variables('storageAccountName')), '2021-09-01').keys[0].value)]"
            },
            {
              "name": "WEBSITE_CONTENTSHARE",
              "value": "[toLower(variables('functionAppName'))]"
            },
            {
              "name": "FUNCTIONS_EXTENSION_VERSION",
              "value": "~4"
            },
            {
              "name": "FUNCTIONS_WORKER_RUNTIME",
              "value": "node"
            },
            {
              "name": "WEBSITE_NODE_DEFAULT_VERSION",
              "value": "~18"
            },
            {
              "name": "WEBSITE_RUN_FROM_PACKAGE",
              "value": "1"
            },
            {
              "name": "CORALOGIX_PRIVATE_KEY",
              "value": "[parameters('CoralogixPrivateKey')]"
            },
            {
              "name": "CORALOGIX_APP_NAME",
              "value": "[parameters('CoralogixApplication')]"
            },
            {
              "name": "CORALOGIX_SUB_SYSTEM",
              "value": "[parameters('CoralogixSubsystem')]"
            },
            {
              "Name": "CORALOGIX_URL",
              "Value": "[variables('CoralogixURL')]"
            },
            {
              "name": "EVENTHUB_CONNECT_STRING",
              "value": "[concat('Endpoint=sb://', parameters('eventHubNamespace'), '.servicebus.windows.net/;SharedAccessKeyName=', parameters('EventhubSharedAccessPolicyName'), ';SharedAccessKey=', listKeys(resourceId(parameters('EventhubResourceGroup'), 'Microsoft.EventHub/namespaces/authorizationRules', parameters('EventhubNamespace'), parameters('EventhubSharedAccessPolicyName')), '2017-04-01').primaryKey, ';EntityPath=', parameters('EventhubInstanceName'))]"
            },
            {
              "name": "EVENTHUB_INSTANCE_NAME",
              "value": "[parameters('EventhubInstanceName')]"
            }
          ]
        }
      },
      "dependsOn": [
        "[resourceId('Microsoft.Insights/components', variables('applicationInsightsName'))]",
        "[resourceId('Microsoft.Web/serverfarms', variables('hostingPlanName'))]",
        "[resourceId('Microsoft.Storage/storageAccounts', variables('storageAccountName'))]"
      ]
    },
    {
      "type": "Microsoft.Web/sites/extensions",
      "apiVersion": "2022-03-01",
      "name": "[format('{0}/{1}', variables('functionAppName'), 'zipdeploy')]",
      "properties": {
        "packageUri": "[variables('packageUri')]"
      },
      "dependsOn": [
        "[resourceId('Microsoft.Web/sites', variables('functionAppName'))]"
      ]
    }
  ]
}
